Pagina,Categoria,Marca Motor,Codigo Fabricante HD,Modelo Motor,Codigo OEM,Ya existe en Bsale,SKU Bsale,Marca Bsale,Stock Bsale,Precio Bsale
9,Cylinder Block,Caterpillar,HD-201,S4K,3420705035,No,,,,
9,Cylinder Block,Caterpillar,HD-202,S6K,5I7530 2128566,No,,,,
9,Cylinder Block,Caterpillar,HD-203,3304,1N3574,No,,,,
9,Cylinder Block,Caterpillar,HD-204,3306,1N-3576,No,,,,
9,Cylinder Block,Caterpillar,HD-205,C15,222-1974,No,,,,
9,Cylinder Block,Caterpillar,HD-206,C9,325-3915,No,,,,
9,Cylinder Block,Caterpillar,HD-207,C7,221-4479,No,,,,
9,Cylinder Block,Caterpillar,HD-208,C7.1,,No,,,,
9,Cylinder Block,Caterpillar,HD-209,3054C,362-2190,No,,,,
9,Cylinder Block,Caterpillar,HD-2010,3116,149-5403,No,,,,
11,Cylinder Block,Yanmar,HD-2041,3TNV84,,No,,,,
11,Cylinder Block,Yanmar,HD-2042,3TNE84,129601-11701,No,,,,
11,Cylinder Block,Yanmar,HD-2043,3TNV88,,No,,,,
11,Cylinder Block,Yanmar,HD-2044,3TNE88,,No,,,,
11,Cylinder Block,Yanmar,HD-2045,4TNV84,,No,,,,
11,Cylinder Block,Yanmar,HD-2046,4TNE84,,No,,,,
11,Cylinder Block,Yanmar,HD-2047,4TNV88,,No,,,,
11,Cylinder Block,Yanmar,HD-2048,4TNE88,,No,,,,
11,Cylinder Block,Yanmar,HD-2049,4TNE92,,No,,,,
11,Cylinder Block,Yanmar,HD-2050,4TNV94,,No,,,,
11,Cylinder Block,Yanmar,HD-2051,4TNV94HT,,No,,,,
11,Cylinder Block,Yanmar,HD-2052,4TNE94,,No,,,,
11,Cylinder Block,Yanmar,HD-2053,4TNV98T,,No,,,,
11,Cylinder Block,Yanmar,HD-2054,4TNE98,,No,,,,
11,Cylinder Block,Yanmar,HD-2055,4TNV98,,No,,,,
11,Cylinder Block,Yanmar,HD-2056,4TNV98C,,No,,,,
16,Cylinder Head,Caterpillar,HD-401,S4K,137-3693,No,,,,
16,Cylinder Head,Caterpillar,HD-402,S6K-O front,34301-01060,No,,,,
16,Cylinder Head,Caterpillar,HD-403,S6K-O rear,34301-01060,No,,,,
16,Cylinder Head,Caterpillar,HD-404,S6K-N front,,No,,,,
16,Cylinder Head,Caterpillar,HD-405,S6K-N rear,34301-01060,No,,,,
16,Cylinder Head,Caterpillar,HD-406,C6.4,297-7644,No,,,,
16,Cylinder Head,Caterpillar,HD-407,3304,1N4304,No,,,,
16,Cylinder Head,Caterpillar,HD-408,3304,8N1188,No,,,,
16,Cylinder Head,Caterpillar,HD-409,3306,7N8876,No,,,,
16,Cylinder Head,Caterpillar,HD-410,3306,8N1187,No,,,,
16,Cylinder Head,Caterpillar,HD-411,3116,140-7373,No,,,,
16,Cylinder Head,Caterpillar,HD-412,3304,6I2378,No,,,,
16,Cylinder Head,Caterpillar,HD-413,C4.4,298-4526,No,,,,
16,Cylinder Head,Caterpillar,HD-414,C7,219-5843,No,,,,
16,Cylinder Head,Caterpillar,HD-415,C9,332-3619,No,,,,
16,Cylinder Head,Caterpillar,HD-416,C-9,213-4360,No,,,,
16,Cylinder Head,Caterpillar,HD-417,C10,2306-1709,No,,,,
16,Cylinder Head,Caterpillar,HD-418,C11,257-4095,No,,,,
16,Cylinder Head,Caterpillar,HD-419,C12,,No,,,,
16,Cylinder Head,Caterpillar,HD-420,C13,,No,,,,
17,Cylinder Head,Caterpillar,HD-421,C15,245-4324,No,,,,
17,Cylinder Head,Caterpillar,HD-422,C18,223-7263,No,,,,
17,Cylinder Head,Caterpillar,HD-423,C6.6,4181V058,No,,,,
17,Cylinder Head,Caterpillar,HD-424,C7.1 DI,,No,,,,
17,Cylinder Head,Caterpillar,HD-425,C9.3 (with columns),3466388,No,,,,
17,Cylinder Head,Caterpillar,HD-426,C9.3 (without columns),4975506,No,,,,
17,Cylinder Head,Caterpillar,HD-427,3406 (square hole),1105096,No,,,,
17,Cylinder Head,Caterpillar,HD-428,3406 (round hole),1105096,No,,,,
28,Cylinder Head,Yanmar,HD-4241,2TNE68,154917-279800,No,,,,
28,Cylinder Head,Yanmar,HD-4242,3TNM68,119125-11740,No,,,,
28,Cylinder Head,Yanmar,HD-4243,3TNV70,119515-11740,No,,,,
28,Cylinder Head,Yanmar,HD-4244,3TNM72,119517-11740,No,,,,
28,Cylinder Head,Yanmar,HD-4245,3TNM74,119517-11741,No,,,,
28,Cylinder Head,Yanmar,HD-4246,3TNV76,119717-11740,No,,,,
28,Cylinder Head,Yanmar,HD-4247,3TNV80,119747-11740,No,,,,
28,Cylinder Head,Yanmar,HD-4248,3TNB82,129900-52000,No,,,,
28,Cylinder Head,Yanmar,HD-4249,3D84-1,129005-11700,No,,,,
28,Cylinder Head,Yanmar,HD-4250,3D84-2,729335-11700,No,,,,
28,Cylinder Head,Yanmar,HD-4251,3T84HL,121250-01331,No,,,,
28,Cylinder Head,Yanmar,HD-4252,3TNE84,129005-11700,No,,,,
28,Cylinder Head,Yanmar,HD-4253,3TNE88,129001-11700,No,,,,
28,Cylinder Head,Yanmar,HD-4254,3TNV88 con precalentador,119004-11701,No,,,,
28,Cylinder Head,Yanmar,HD-4255,3TNV88 sin precalentador,119004-11700,No,,,,
28,Cylinder Head,Yanmar,HD-4256,4TNE88,129407-11700,No,,,,
28,Cylinder Head,Yanmar,HD-4257,4TNE94,129903-11700,No,,,,
28,Cylinder Head,Yanmar,HD-4258,4D94LE,129931-11000,No,,,,
28,Cylinder Head,Yanmar,HD-4259,4TNV94,129907-07900,No,,,,
28,Cylinder Head,Yanmar,HD-4260,4TNV106,723907-11100,No,,,,
29,Cylinder Head,Yanmar,HD-4261,4TNV88,129601-11700,No,,,,
29,Cylinder Head,Yanmar,HD-4262,4TNV98C,129E00-11720,No,,,,
33,Cylinder Head,Perkins,HD-4341,N844,,No,,,,
33,Cylinder Head,Perkins,HD-4342,N844,,No,,,,
33,Cylinder Head,Perkins,HD-4343,N844 multi-hole,,No,,,,
33,Cylinder Head,Perkins,HD-4344,N844T-L,,No,,,,
33,Cylinder Head,Perkins,HD-4345,404C-22,,No,,,,
33,Cylinder Head,Perkins,HD-4346,404D-22,,No,,,,
33,Cylinder Head,Perkins,HD-4347,404C-22 multi-hole,,No,,,,
33,Cylinder Head,Perkins,HD-4348,404C-22T,,No,,,,
33,Cylinder Head,Perkins,HD-4349,404D-22T,,No,,,,
33,Cylinder Head,Perkins,HD-4350,403D-15T,,No,,,,
36,Cylinder Head,John Deere,HD-4401,4045,,No,,,,
36,Cylinder Head,John Deere,HD-4402,6068 12V,,No,,,,
36,Cylinder Head,John Deere,HD-4403,6068 24V,,No,,,,
36,Cylinder Head,John Deere,HD-4404,6069,,No,,,,
41,Crankshaft,Caterpillar,HD-665,C1.1,,No,,,,
41,Crankshaft,Caterpillar,HD-666,C1.5,,No,,,,
41,Crankshaft,Caterpillar,HD-667,C1.7,,No,,,,
41,Crankshaft,Caterpillar,HD-668,C2.2,,No,,,,
41,Crankshaft,Caterpillar,HD-669,C2.4,,No,,,,
41,Crankshaft,Caterpillar,HD-670,C2.6,,No,,,,
41,Crankshaft,Caterpillar,HD-671,C3.3,,No,,,,
41,Crankshaft,Caterpillar,HD-672,C3.3B,,No,,,,
41,Crankshaft,Caterpillar,HD-673,C3.4,,No,,,,
41,Crankshaft,Caterpillar,HD-674,C3.8,,No,,,,
41,Crankshaft,Caterpillar,HD-675,C4.2,296-4710,No,,,,
41,Crankshaft,Caterpillar,HD-676,C4.4,359-0716,No,,,,
41,Crankshaft,Caterpillar,HD-677,C4.4,364-2829,No,,,,
41,Crankshaft,Caterpillar,HD-678,C6.4,294-1749,No,,,,
41,Crankshaft,Caterpillar,HD-679,C6.6,3764075,No,,,,
41,Crankshaft,Caterpillar,HD-680,C7.1,376-4074,No,,,,
41,Crankshaft,Caterpillar,HD-681,C7,271-5657,No,,,,
41,Crankshaft,Caterpillar,HD-682,C9,261-1544,No,,,,
41,Crankshaft,Caterpillar,HD-683,3304,4N7692,No,,,,
41,Crankshaft,Caterpillar,HD-684,3306,4N7693,No,,,,
41,Crankshaft,Caterpillar,HD-685,3406,7C4859,No,,,,
41,Crankshaft,Caterpillar,HD-686,3116,,No,,,,
41,Crankshaft,Caterpillar,HD-687,3126,,No,,,,
41,Crankshaft,Caterpillar,HD-688,C13,313-3997,No,,,,
41,Crankshaft,Caterpillar,HD-689,C15,337-0201,No,,,,
41,Crankshaft,Caterpillar,HD-690,C15,,No,,,,
41,Crankshaft,Caterpillar,HD-691,C18,,No,,,,
42,Crankshaft,Yanmar,HD-697,3TNV70,119515-23600,No,,,,
42,Crankshaft,Yanmar,HD-698,3TNV76,119717-21700,No,,,,
42,Crankshaft,Yanmar,HD-699,3TNE78,119813-21000,No,,,,
42,Crankshaft,Yanmar,HD-6100,3TN78,,No,,,,
42,Crankshaft,Yanmar,HD-6101,3TNV80,,No,,,,
42,Crankshaft,Yanmar,HD-6102,3TNE82,119802-21002,No,,,,
42,Crankshaft,Yanmar,HD-6103,3TNV82,,No,,,,
42,Crankshaft,Yanmar,HD-6104,3TN82,,No,,,,
42,Crankshaft,Yanmar,HD-6105,3T84-1/3D84-1,YM729350-21700,No,,,,
42,Crankshaft,Yanmar,HD-6106,3TNE84/3D84-3,,No,,,,
42,Crankshaft,Yanmar,HD-6107,3TNV84/3D84-5,YM129001-21000,No,,,,
42,Crankshaft,Yanmar,HD-6108,4TNE84/4D84-3,,No,,,,
42,Crankshaft,Yanmar,HD-6109,4TN84/4D84-2,729400-21700,No,,,,
42,Crankshaft,Yanmar,HD-6110,3TNV88/3D88-5,YM129004-21002,No,,,,
42,Crankshaft,Yanmar,HD-6111,3TNE88/3D88-3,,No,,,,
42,Crankshaft,Yanmar,HD-6112,4TNV88/4D88-5,129604-21000,No,,,,
42,Crankshaft,Yanmar,HD-6113,4TNE88/4D88-3,129407-21000,No,,,,
42,Crankshaft,Yanmar,HD-6114,4TNE92,,No,,,,
42,Crankshaft,Yanmar,HD-6115,4TNE94,129900-22050,No,,,,
42,Crankshaft,Yanmar,HD-6116,4TNE98,129902-21050,No,,,,
42,Crankshaft,Yanmar,HD-6117,4TNV94/4TNV98,129902-21000,No,,,,
42,Crankshaft,Yanmar,HD-6118,4TNE106/4TNV106,YM123900-21000,No,,,,
46,Crankshaft,Perkins,HD-6225,403D-11,115256970,No,,,,
46,Crankshaft,Perkins,HD-6226,403D-15,115256950,No,,,,
46,Crankshaft,Perkins,HD-6227,404D-22/404C,,No,,,,
46,Crankshaft,Perkins,HD-6228,4.212,,No,,,,
46,Crankshaft,Perkins,HD-6229,1103C,4181V017,No,,,,
46,Crankshaft,Perkins,HD-6230,1003,ZZ90236,No,,,,
46,Crankshaft,Perkins,HD-6231,,ZZ90222,No,,,,
46,Crankshaft,Perkins,HD-6232,,ZZ90212,No,,,,
46,Crankshaft,Perkins,HD-6233,,ZZ90086,No,,,,
46,Crankshaft,Perkins,HD-6234,3054C,ZZ90237,No,,,,
46,Crankshaft,Perkins,HD-6235,1104D,,No,,,,
46,Crankshaft,Perkins,HD-6236,1106D,,No,,,,
46,Crankshaft,Perkins,HD-6237,1106E,,No,,,,
51,Crankshaft,John Deere,HD-6385,4045,RE506195,Si,TRE506195,MAXIFORCE,0.0,1.0
51,Crankshaft,John Deere,HD-6386,4045,RE504638,Si,TRE504638,MAXIFORCE,1.0,1.0
51,Crankshaft,John Deere,HD-6387,6068,,No,,,,
57,Connecting Rod,Caterpillar,HD-7073,S4K S6K,5I7668,No,,,,
57,Connecting Rod,Caterpillar,HD-7074,C2.6,1J700-22012,No,,,,
57,Connecting Rod,Caterpillar,HD-7075,E320D C6.4,5I7769,No,,,,
57,Connecting Rod,Caterpillar,HD-7076,3306,8N1720,No,,,,
57,Connecting Rod,Caterpillar,HD-7077,3306,8N1984,No,,,,
57,Connecting Rod,Caterpillar,HD-7078,3306,8N1721,No,,,,
57,Connecting Rod,Caterpillar,HD-7079,3406,8N1726 8N1729,No,,,,
57,Connecting Rod,Caterpillar,HD-7080,3406,8N1727,No,,,,
57,Connecting Rod,Caterpillar,HD-7081,3406,9Y6048,No,,,,
57,Connecting Rod,Caterpillar,HD-7082,3406E C15,9Y6054,No,,,,
57,Connecting Rod,Caterpillar,HD-7083,3406,7E5996,No,,,,
57,Connecting Rod,Caterpillar,HD-7084,3054 63mm,225-5453,Si,B2255453,MAXIFORCE,1.0,0.0
57,Connecting Rod,Caterpillar,HD-7085,3054C 68mm,359-0719,No,,,,
57,Connecting Rod,Caterpillar,HD-7086,C6.6 C7.1,1331-0290,No,,,,
57,Connecting Rod,Caterpillar,HD-7087,C7 3126,213-3193,No,,,,
57,Connecting Rod,Caterpillar,HD-7088,C9 C-9,160-8199,No,,,,
57,Connecting Rod,Caterpillar,HD-7089,C10,1556629,No,,,,
57,Connecting Rod,Caterpillar,HD-7090,C11,223-9133,No,,,,
57,Connecting Rod,Caterpillar,HD-7091,C12 C13,5121373,No,,,,
57,Connecting Rod,Caterpillar,HD-7092,C15 C18,224-3244,No,,,,
57,Connecting Rod,Caterpillar,HD-7093,3508 3512 3516,144-0725,No,,,,
57,Connecting Rod,Caterpillar,HD-7094,3508 3512 3516,381-6555,No,,,,
61,Connecting Rod,Yanmar,HD-7169,3D84-1,,No,,,,
61,Connecting Rod,Yanmar,HD-7170,4D84,,No,,,,
61,Connecting Rod,Yanmar,HD-7171,4D88,,No,,,,
61,Connecting Rod,Yanmar,HD-7172,3D66,,No,,,,
61,Connecting Rod,Yanmar,HD-7173,3TNE68,729350-23100,No,,,,
61,Connecting Rod,Yanmar,HD-7174,3TNV70,119515-23000,No,,,,
61,Connecting Rod,Yanmar,HD-7175,3TNE72,729402-23100,No,,,,
61,Connecting Rod,Yanmar,HD-7176,3TNA72,719620-23100,No,,,,
61,Connecting Rod,Yanmar,HD-7177,3TNE74,719620-23100,No,,,,
61,Connecting Rod,Yanmar,HD-7178,3TNV76,119717-23000,No,,,,
61,Connecting Rod,Yanmar,HD-7179,3TNC80,719810-23100,No,,,,
61,Connecting Rod,Yanmar,HD-7180,3TNE82/4TNE82,719810-23100,No,,,,
61,Connecting Rod,Yanmar,HD-7181,4TNV94/4TNV98,129900-23000,No,,,,
61,Connecting Rod,Yanmar,HD-7182,3TN100/4TN100,719000-23100,No,,,,
61,Connecting Rod,Yanmar,HD-7183,4TNV106/4TNE106,123900-23000,No,,,,
68,Connecting Rod,Perkins,HD-7337,N844 404D,,No,,,,
68,Connecting Rod,Perkins,HD-7336,N844 404D,,No,,,,
68,Connecting Rod,Perkins,HD-7339,1104C-44T,4115C364,No,,,,
68,Connecting Rod,Perkins,HD-7340,403C-11/403D-11,115026251,No,,,,
71,Engine Gasket Kit,Caterpillar,HD-801,3204,,No,,,,
71,Engine Gasket Kit,Caterpillar,HD-802,3208,,No,,,,
71,Engine Gasket Kit,Caterpillar,HD-803,3024,,No,,,,
71,Engine Gasket Kit,Caterpillar,HD-804,C1.1,,No,,,,
71,Engine Gasket Kit,Caterpillar,HD-805,C1.5,,No,,,,
71,Engine Gasket Kit,Caterpillar,HD-806,C1.7,,No,,,,
71,Engine Gasket Kit,Caterpillar,HD-807,C1.8,,No,,,,
71,Engine Gasket Kit,Caterpillar,HD-808,C2.4,,No,,,,
71,Engine Gasket Kit,Caterpillar,HD-809,C3.3B,,No,,,,
71,Engine Gasket Kit,Caterpillar,HD-810,C3.4B,,No,,,,
71,Engine Gasket Kit,Caterpillar,HD-811,C3.8,,No,,,,
71,Engine Gasket Kit,Caterpillar,HD-812,C4.2,,No,,,,
71,Engine Gasket Kit,Caterpillar,HD-813,C4.4 DI,,No,,,,
71,Engine Gasket Kit,Caterpillar,HD-814,C4.4 EI,,No,,,,
71,Engine Gasket Kit,Caterpillar,HD-815,C6.6,,No,,,,
71,Engine Gasket Kit,Caterpillar,HD-816,C7.1T,,No,,,,
71,Engine Gasket Kit,Caterpillar,HD-817,C7,,No,,,,
71,Engine Gasket Kit,Caterpillar,HD-818,C9,,No,,,,
71,Engine Gasket Kit,Caterpillar,HD-819,C6.4,,No,,,,
71,Engine Gasket Kit,Caterpillar,HD-820,S6KT,,No,,,,
71,Engine Gasket Kit,Caterpillar,HD-821,3024,,No,,,,
71,Engine Gasket Kit,Caterpillar,HD-822,3126,,No,,,,
71,Engine Gasket Kit,Caterpillar,HD-823,3116,,No,,,,
71,Engine Gasket Kit,Caterpillar,HD-824,320C 3066,,No,,,,
72,Engine Gasket Kit,Caterpillar,HD-825,3066,,No,,,,
72,Engine Gasket Kit,Caterpillar,HD-826,C9.3,,No,,,,
72,Engine Gasket Kit,Caterpillar,HD-827,C-9,,No,,,,
72,Engine Gasket Kit,Caterpillar,HD-828,C10,,No,,,,
72,Engine Gasket Kit,Caterpillar,HD-829,C13,,No,,,,
72,Engine Gasket Kit,Caterpillar,HD-830,C15,,No,,,,
72,Engine Gasket Kit,Caterpillar,HD-831,3176,,No,,,,
72,Engine Gasket Kit,Caterpillar,HD-832,C11,,No,,,,
72,Engine Gasket Kit,Caterpillar,HD-833,3508,,No,,,,
72,Engine Gasket Kit,Caterpillar,HD-834,3512,,No,,,,
72,Engine Gasket Kit,Caterpillar,HD-835,3516,,No,,,,
72,Engine Gasket Kit,Caterpillar,HD-836,3408,,No,,,,
72,Engine Gasket Kit,Caterpillar,HD-837,C18,,No,,,,
72,Engine Gasket Kit,Caterpillar,HD-838,C27,,No,,,,
72,Engine Gasket Kit,Caterpillar,HD-839,C32,,No,,,,
72,Engine Gasket Kit,Caterpillar,HD-840,C12,,No,,,,
72,Engine Gasket Kit,Caterpillar,HD-841,3304,,No,,,,
72,Engine Gasket Kit,Caterpillar,HD-842,3406,,No,,,,
83,Engine Gasket Kit,Yanmar,HD-8289,2T72HL,,No,,,,
83,Engine Gasket Kit,Yanmar,HD-8290,2TNE66,,No,,,,
83,Engine Gasket Kit,Yanmar,HD-8291,2TNE68,,No,,,,
83,Engine Gasket Kit,Yanmar,HD-8292,2TNV70,,No,,,,
83,Engine Gasket Kit,Yanmar,HD-8293,3D76,,No,,,,
83,Engine Gasket Kit,Yanmar,HD-8294,3D78,,No,,,,
83,Engine Gasket Kit,Yanmar,HD-8295,3D84-1,,No,,,,
83,Engine Gasket Kit,Yanmar,HD-8296,3D84-2,,No,,,,
83,Engine Gasket Kit,Yanmar,HD-8297,3D84-3,,No,,,,
83,Engine Gasket Kit,Yanmar,HD-8298,3D88,,No,,,,
83,Engine Gasket Kit,Yanmar,HD-8299,3T72HL,,No,,,,
83,Engine Gasket Kit,Yanmar,HD-8300,3T75,,No,,,,
83,Engine Gasket Kit,Yanmar,HD-8301,3T75U,,No,,,,
83,Engine Gasket Kit,Yanmar,HD-8302,3TN75,,No,,,,
83,Engine Gasket Kit,Yanmar,HD-8303,3T75HL,,No,,,,
83,Engine Gasket Kit,Yanmar,HD-8304,3T75HLE,,No,,,,
83,Engine Gasket Kit,Yanmar,HD-8305,3TN82,,No,,,,
83,Engine Gasket Kit,Yanmar,HD-8306,3TN100,,No,,,,
83,Engine Gasket Kit,Yanmar,HD-8307,3TNA66,,No,,,,
83,Engine Gasket Kit,Yanmar,HD-8308,3TNA68,,No,,,,
83,Engine Gasket Kit,Yanmar,HD-8309,3TNA72E,,No,,,,
83,Engine Gasket Kit,Yanmar,HD-8310,3TNA78,,No,,,,
83,Engine Gasket Kit,Yanmar,HD-8311,4TN78,,No,,,,
83,Engine Gasket Kit,Yanmar,HD-8312,4TN82,,No,,,,
84,Engine Gasket Kit,Yanmar,HD-8313,4TN100,,No,,,,
84,Engine Gasket Kit,Yanmar,HD-8314,4TNA78,,No,,,,
84,Engine Gasket Kit,Yanmar,HD-8315,4TNE78,,No,,,,
84,Engine Gasket Kit,Yanmar,HD-8316,4TNE106,,No,,,,
84,Engine Gasket Kit,Yanmar,HD-8317,3TNC78,,No,,,,
84,Engine Gasket Kit,Yanmar,HD-8318,3TNC80,,No,,,,
84,Engine Gasket Kit,Yanmar,HD-8319,3TNE68,,No,,,,
84,Engine Gasket Kit,Yanmar,HD-8320,3TNE72,,No,,,,
84,Engine Gasket Kit,Yanmar,HD-8321,3TNE74,,No,,,,
84,Engine Gasket Kit,Yanmar,HD-8322,3TNE78,,No,,,,
84,Engine Gasket Kit,Yanmar,HD-8323,3TNE82,,No,,,,
84,Engine Gasket Kit,Yanmar,HD-8324,3TNM68,,No,,,,
84,Engine Gasket Kit,Yanmar,HD-8325,3TNM72,,No,,,,
84,Engine Gasket Kit,Yanmar,HD-8326,3TNM74,,No,,,,
84,Engine Gasket Kit,Yanmar,HD-8327,3TNV70,,No,,,,
84,Engine Gasket Kit,Yanmar,HD-8328,3TNV72,,No,,,,
84,Engine Gasket Kit,Yanmar,HD-8329,3TNV74,,No,,,,
84,Engine Gasket Kit,Yanmar,HD-8330,3TNV76,,No,,,,
84,Engine Gasket Kit,Yanmar,HD-8331,3TNV78,,No,,,,
84,Engine Gasket Kit,Yanmar,HD-8332,3TNV80,,No,,,,
84,Engine Gasket Kit,Yanmar,HD-8333,3TNV82,,No,,,,
84,Engine Gasket Kit,Yanmar,HD-8334,4TNE88,,No,,,,
84,Engine Gasket Kit,Yanmar,HD-8335,4TNV106,,No,,,,
84,Engine Gasket Kit,Yanmar,HD-8336,4TNV84-16V,,No,,,,
85,Engine Gasket Kit,Yanmar,HD-8337,4D84-2,,No,,,,
85,Engine Gasket Kit,Yanmar,HD-8338,4TNE94,,No,,,,
85,Engine Gasket Kit,Yanmar,HD-8339,4TNE98,,No,,,,
85,Engine Gasket Kit,Yanmar,HD-8340,4TNV94,,No,,,,
85,Engine Gasket Kit,Yanmar,HD-8341,4TNV98,,No,,,,
85,Engine Gasket Kit,Yanmar,HD-8342,4TNE86,,No,,,,
85,Engine Gasket Kit,Yanmar,HD-8343,4D84-3,,No,,,,
85,Engine Gasket Kit,Yanmar,HD-8344,4TNV86,,No,,,,
85,Engine Gasket Kit,Yanmar,HD-8345,4TNV88,,No,,,,
85,Engine Gasket Kit,Yanmar,HD-8346,3D64,,No,,,,
90,Engine Gasket Kit,Perkins,HD-8457,1004,,No,,,,
90,Engine Gasket Kit,Perkins,HD-8458,1006-6T,,No,,,,
90,Engine Gasket Kit,Perkins,HD-8459,1104,,No,,,,
90,Engine Gasket Kit,Perkins,HD-8460,1104C-44TA,,No,,,,
90,Engine Gasket Kit,Perkins,HD-8461,1106,,No,,,,
90,Engine Gasket Kit,Perkins,HD-8462,403C-11,,No,,,,
90,Engine Gasket Kit,Perkins,HD-8463,403C-15,,No,,,,
90,Engine Gasket Kit,Perkins,HD-8464,403D-11,,No,,,,
90,Engine Gasket Kit,Perkins,HD-8465,404C-22,,No,,,,
90,Engine Gasket Kit,Perkins,HD-8466,404D,,No,,,,
90,Engine Gasket Kit,Perkins,HD-8467,N844,,No,,,,
90,Engine Gasket Kit,Perkins,HD-8468,N844T,,No,,,,
90,Engine Gasket Kit,Perkins,HD-8469,N843,,No,,,,
90,Engine Gasket Kit,Perkins,HD-8470,2506A,,No,,,,
90,Engine Gasket Kit,Perkins,HD-8471,JCB444,,No,,,,
90,Engine Gasket Kit,Perkins,HD-8472,JCB448,,No,,,,
94,Engine Gasket Kit,John Deere,HD-8553,6090,,No,,,,
94,Engine Gasket Kit,John Deere,HD-8554,Kit reparacion motor 4006,,No,,,,
94,Engine Gasket Kit,John Deere,HD-8555,Kit reparacion motor 4008,,No,,,,
105,Oil Pump,Caterpillar,HD-9169,C7/3116 single-tooth,189-8777,No,,,,
105,Oil Pump,Caterpillar,HD-9170,C7/3116 double-tooth,200-4497,No,,,,
105,Oil Pump,Caterpillar,HD-9171,C9/C-9 single-tooth,331-8905,No,,,,
105,Oil Pump,Caterpillar,HD-9172,C9/C-9 double-tooth,210-5522,No,,,,
105,Oil Pump,Caterpillar,HD-9173,3126,,No,,,,
105,Oil Pump,Caterpillar,HD-9174,C13,233-5220,No,,,,
105,Oil Pump,Caterpillar,HD-9175,3176,223-1608,No,,,,
105,Oil Pump,Caterpillar,HD-9176,3306,8N8635 4W2448,No,,,,
105,Oil Pump,Caterpillar,HD-9177,3406T,161-4111,No,,,,
105,Oil Pump,Caterpillar,HD-9178,3406,161-4112,No,,,,
105,Oil Pump,Caterpillar,HD-9179,3408T,161-4113,No,,,,
105,Oil Pump,Caterpillar,HD-9180,3408C,161-4110,No,,,,
105,Oil Pump,Caterpillar,HD-9181,C9.3,,No,,,,
105,Oil Pump,Caterpillar,HD-9182,C9.3,,No,,,,
106,Oil Pump,Perkins,HD-9193,403C/404C,U5MK8266,No,,,,
106,Oil Pump,Perkins,HD-9194,403D/404D,U5MK8267,Si (parcial),BU5MK8267,MAXIFORCE,0.0,0.0
106,Oil Pump,Perkins,HD-9195,403C-11,U5MK8265,No,,,,
106,Oil Pump,Perkins,HD-9196,1004,4132F056,No,,,,
106,Oil Pump,Perkins,HD-9197,1006,3753R101P,No,,,,
106,Oil Pump,Perkins,HD-9198,C4.4,225-8329,Si,2258329,KMP,0.0,162.25
106,Oil Pump,Perkins,HD-9199,C6.6,420-0454,Si,4200454,KMP,2.0,188.21
106,Oil Pump,Perkins,HD-9200,C7.1,373-8014,No,,,,
106,Oil Pump,Perkins,HD-9201,C7.1-NEM,T411864,No,,,,
106,Oil Pump,Perkins,HD-9202,C7.1,420-0454,Si,4200454,KMP,2.0,188.21
106,Oil Pump,Perkins,HD-9203,3054/1004,P4132F051,No,,,,
106,Oil Pump,Perkins,HD-9204,4000,,No,,,,
106,Oil Pump,Perkins,HD-9205,1206E,T411864,No,,,,
107,Oil Pump,Yanmar,HD-9217,3GM30,121575-32090,No,,,,
107,Oil Pump,Yanmar,HD-9218,3D84-1,129322-32090,No,,,,
107,Oil Pump,Yanmar,HD-9219,4D84/4D88,129407-32001,No,,,,
107,Oil Pump,Yanmar,HD-9220,4TNV88,19802-32120,No,,,,
107,Oil Pump,Yanmar,HD-9221,3TNE68,119260-32000,No,,,,
107,Oil Pump,Yanmar,HD-9222,3TNM68/3TNM72,119125-32000,No,,,,
107,Oil Pump,Yanmar,HD-9223,4TNV94/4TNV98,129900-32001,Si (parcial),Y129900-32001,MAXIFORCE,0.0,0.0
107,Oil Pump,Yanmar,HD-9224,4TNV98T,129900-32000,No,,,,
107,Oil Pump,Yanmar,HD-9225,4TNE106/4TNV106,123900-32001,No,,,,
107,Oil Pump,Yanmar,HD-9226,3TNV70 3TNV76 3TNV80,119717-32110 119717-32120,No,,,,
117,Oil Pump,John Deere,HD-9457,6068/4045,DZ100021,No,,,,
118,Cylinder Liner,Caterpillar,HD-1001,3024C,,No,,,,
118,Cylinder Liner,Caterpillar,HD-1002,3116,7C6208,No,,,,
118,Cylinder Liner,Caterpillar,HD-1003,3204/3208,9N6275,No,,,,
118,Cylinder Liner,Caterpillar,HD-1004,3304/3306,2P8889,No,,,,
118,Cylinder Liner,Caterpillar,HD-1005,3406/3408/3412,197-9322,No,,,,
118,Cylinder Liner,Caterpillar,HD-1006,3508/3512/3516,211-7826,No,,,,
118,Cylinder Liner,Caterpillar,HD-1007,C6.4,5I7523,No,,,,
118,Cylinder Liner,Caterpillar,HD-1008,C4.4 C6.6 C7.1,7C6208,No,,,,
118,Cylinder Liner,Caterpillar,HD-1009,C4.4 C6.6 C7.1,7C-6208,No,,,,
118,Cylinder Liner,Caterpillar,HD-1010,C7/3126,107-7604,No,,,,
118,Cylinder Liner,Caterpillar,HD-1011,C9/C-9,1903562,No,,,,
118,Cylinder Liner,Caterpillar,HD-1012,C9.3,4695313,No,,,,
118,Cylinder Liner,Caterpillar,HD-1013,C10,,No,,,,
118,Cylinder Liner,Caterpillar,HD-1014,C11,197-9330,No,,,,
118,Cylinder Liner,Caterpillar,HD-1015,C12,197-9330,No,,,,
118,Cylinder Liner,Caterpillar,HD-1016,C13,197-9330,No,,,,
118,Cylinder Liner,Caterpillar,HD-1017,C15,238-2700,No,,,,
118,Cylinder Liner,Caterpillar,HD-1018,C16,1979322,No,,,,
118,Cylinder Liner,Caterpillar,HD-1019,C18,,No,,,,
118,Cylinder Liner,Caterpillar,HD-1020,C27,238-2700,No,,,,
118,Cylinder Liner,Caterpillar,HD-1021,C32,,No,,,,
124,Cylinder Liner,Yanmar,HD-10246,3TNE66,767119-06786,No,,,,
124,Cylinder Liner,Yanmar,HD-10247,3TNE68,129904-22121,No,,,,
124,Cylinder Liner,Yanmar,HD-10248,3TNV70,119115-22081,No,,,,
124,Cylinder Liner,Yanmar,HD-10249,3TNA72/3TNE72/3TNM72,127510-22490,No,,,,
124,Cylinder Liner,Yanmar,HD-10250,3T72HL,121000-01100,No,,,,
124,Cylinder Liner,Yanmar,HD-10251,3TNM74/3TNV74/3TNE74,126300-14101,No,,,,
124,Cylinder Liner,Yanmar,HD-10252,3TN75,121500-01100,No,,,,
124,Cylinder Liner,Yanmar,HD-10253,3T75HL,119115-22080,No,,,,
124,Cylinder Liner,Yanmar,HD-10254,3TNV76,152mm,No,,,,
124,Cylinder Liner,Yanmar,HD-10255,4TN78T,,No,,,,
124,Cylinder Liner,Yanmar,HD-10256,3TNV80/3TNC80,,No,,,,
124,Cylinder Liner,Yanmar,HD-10257,4TNE82/4TNV82,129904-22120,No,,,,
124,Cylinder Liner,Yanmar,HD-10258,3D84 con reborde,129105-22900,No,,,,
124,Cylinder Liner,Yanmar,HD-10259,3D84 recto,129350-01100,No,,,,
124,Cylinder Liner,Yanmar,HD-10260,4TNE84/4TNV84,129350-01100,No,,,,
124,Cylinder Liner,Yanmar,HD-10261,4TNV86,,No,,,,
124,Cylinder Liner,Yanmar,HD-10262,4D88 con reborde,129360-21100,No,,,,
124,Cylinder Liner,Yanmar,HD-10263,4D88 recto,,No,,,,
124,Cylinder Liner,Yanmar,HD-10264,4TNE92,729901-92660,No,,,,
124,Cylinder Liner,Yanmar,HD-10265,4TNV94/4TNE94,129930-01100,No,,,,
124,Cylinder Liner,Yanmar,HD-10266,4TNV98/4TNE98,129907-01100,No,,,,
124,Cylinder Liner,Yanmar,HD-10267,3/4TN100,119000-22300,No,,,,
124,Cylinder Liner,Yanmar,HD-10268,4TNV106/4TNE106,123950-01100,No,,,,
129,Cylinder Liner,Perkins,HD-10456,1004,3135X062,Si,P3135X062,MAXIFORCE,0.0,28.65
129,Cylinder Liner,Perkins,HD-10457,1006,3135X062,Si,P3135X062,MAXIFORCE,0.0,28.65
129,Cylinder Liner,Perkins,HD-10458,1104C-44T,3135X105,No,,,,
129,Cylinder Liner,Perkins,HD-10459,4008,,No,,,,
129,Cylinder Liner,Perkins,HD-10460,N844/N844TE66,,No,,,,
129,Cylinder Liner,Perkins,HD-10461,403D-11/403C-11,,No,,,,
129,Cylinder Liner,Perkins,HD-10462,403C-15/403D-15,,No,,,,
129,Cylinder Liner,Perkins,HD-10463,404D-22/404C-22,,No,,,,
138,Cylinder Liner,John Deere,HD-10771,6068HRT86,,No,,,,
138,Cylinder Liner,John Deere,HD-10772,4045 6068,R1161383,No,,,,
138,Cylinder Liner,John Deere,HD-10773,6081A,,No,,,,
138,Cylinder Liner,John Deere,HD-10774,6090,,No,,,,
142,Piston,Caterpillar,HD-1101,C1.1,,No,,,,
142,Piston,Caterpillar,HD-1102,C1.3,,No,,,,
142,Piston,Caterpillar,HD-1103,C1.5,,No,,,,
142,Piston,Caterpillar,HD-1104,C1.7,,No,,,,
142,Piston,Caterpillar,HD-1105,C1.8,2255437,Si,2255437,KMP,2.0,81.13
142,Piston,Caterpillar,HD-1106,C2.2,,No,,,,
142,Piston,Caterpillar,HD-1107,C2.2-T,2706968,Si,B270-6968,MAXIFORCE,0.0,0.0
142,Piston,Caterpillar,HD-1108,C2.4,,No,,,,
142,Piston,Caterpillar,HD-1109,C2.4-T,,No,,,,
142,Piston,Caterpillar,HD-1110,C2.6,,No,,,,
142,Piston,Caterpillar,HD-1111,C2.6-T,,No,,,,
142,Piston,Caterpillar,HD-1112,C2.6-CR,,No,,,,
142,Piston,Caterpillar,HD-1113,C2.6-CR-T,,No,,,,
142,Piston,Caterpillar,HD-1114,C3.3,,No,,,,
142,Piston,Caterpillar,HD-1115,C3.3B,,No,,,,
143,Piston,Caterpillar,HD-1116,C3.3B-CR-T,,No,,,,
143,Piston,Caterpillar,HD-1117,C3.4B,,No,,,,
143,Piston,Caterpillar,HD-1118,C3.8,,No,,,,
143,Piston,Caterpillar,HD-1119,C4.2,,No,,,,
143,Piston,Caterpillar,HD-1120,C4.4,225-5437,Si,2255437,KMP,2.0,81.13
143,Piston,Caterpillar,HD-1121,C4.4,363-6884,No,,,,
143,Piston,Caterpillar,HD-1122,C4.4,315-3395,Si,B3153395,MAXIFORCE,2.0,0.0
143,Piston,Caterpillar,HD-1123,C4.4,310-9905,Si,B3109905,MAXIFORCE,4.0,0.0
143,Piston,Caterpillar,HD-1124,C6.4,324-5235,No,,,,
143,Piston,Caterpillar,HD-1125,C6.6,276-7475,Si,B2767475,MAXIFORCE,6.0,0.0
143,Piston,Caterpillar,HD-1126,C6.6-N,361-2486,No,,,,
143,Piston,Caterpillar,HD-1127,C7,238-2698,No,,,,
143,Piston,Caterpillar,HD-1128,C7,238-2720,No,,,,
143,Piston,Caterpillar,HD-1129,C7.1,3683188,No,,,,
143,Piston,Caterpillar,HD-1130,C7.1,4188571/3612460,No,,,,
144,Piston,Caterpillar,HD-1131,C7.1,4452945/4452942,No,,,,
144,Piston,Caterpillar,HD-1132,C7.1,3707998/3907797,No,,,,
144,Piston,Caterpillar,HD-1133,C7.1,4505996/3747389,No,,,,
144,Piston,Caterpillar,HD-1134,C7.1,3660149/3660108,No,,,,
144,Piston,Caterpillar,HD-1135,C9,265-1401 324-7380,No,,,,
144,Piston,Caterpillar,HD-1136,C9,385-1657 324-7380,No,,,,
144,Piston,Caterpillar,HD-1137,C-9,1979297+3247380,No,,,,
144,Piston,Caterpillar,HD-1138,C9.3,3961539,No,,,,
144,Piston,Caterpillar,HD-1139,C9.3,3570447,No,,,,
144,Piston,Caterpillar,HD-1140,C10,1337098+2382710,No,,,,
144,Piston,Caterpillar,HD-1141,C11,3398176,No,,,,
144,Piston,Caterpillar,HD-1142,C12,1442948+2382712,No,,,,
144,Piston,Caterpillar,HD-1143,C13,388-9353,No,,,,
144,Piston,Caterpillar,HD-1144,C13,3882310,No,,,,
144,Piston,Caterpillar,HD-1145,C13,384-3698,No,,,,
145,Piston,Caterpillar,HD-1146,C13,322-0329,No,,,,
145,Piston,Caterpillar,HD-1147,C15,,No,,,,
145,Piston,Caterpillar,HD-1148,C15,168-4540,No,,,,
145,Piston,Caterpillar,HD-1149,C15,346-6615,No,,,,
145,Piston,Caterpillar,HD-1150,C15,388-9354,No,,,,
145,Piston,Caterpillar,HD-1151,C15,247-6123,No,,,,
145,Piston,Caterpillar,HD-1152,C18,3687815,No,,,,
145,Piston,Caterpillar,HD-1153,C18,319-6715,No,,,,
145,Piston,Caterpillar,HD-1154,C18,329-4510,No,,,,
145,Piston,Caterpillar,HD-1155,C27,3819250,No,,,,
145,Piston,Caterpillar,HD-1156,C27,2477792,No,,,,
145,Piston,Caterpillar,HD-1157,C27,,No,,,,
145,Piston,Caterpillar,HD-1158,C32,3675181,No,,,,
145,Piston,Caterpillar,HD-1159,C32,3675160,No,,,,
145,Piston,Caterpillar,HD-1160,C32,,No,,,,
146,Piston,Caterpillar,HD-1161,3013C,,No,,,,
146,Piston,Caterpillar,HD-1162,3024C,297-3080,Si,B2973080,MAXIFORCE,0.0,0.0
146,Piston,Caterpillar,HD-1163,3024T,270-6968,Si,B270-6968,MAXIFORCE,0.0,0.0
146,Piston,Caterpillar,HD-1164,3054,152-1390,Si,B1521390,MAXIFORCE,0.0,0.0
146,Piston,Caterpillar,HD-1165,3054T,,No,,,,
146,Piston,Caterpillar,HD-1166,3054C,5081902,No,,,,
146,Piston,Caterpillar,HD-1167,3054E,5021819,No,,,,
146,Piston,Caterpillar,HD-1168,3044C,234-4814,Si,B2344814,MAXIFORCE,5.0,0.0
146,Piston,Caterpillar,HD-1169,3046,,No,,,,
146,Piston,Caterpillar,HD-1170,3064/S4KT,5I7537,No,,,,
146,Piston,Caterpillar,HD-1171,3066/S6KT,5I7537,No,,,,
146,Piston,Caterpillar,HD-1172,3066,2977753,No,,,,
146,Piston,Caterpillar,HD-1173,3114/3116,7E3428,No,,,,
146,Piston,Caterpillar,HD-1174,3114/3116,7C5668,No,,,,
146,Piston,Caterpillar,HD-1175,3114/3116,1014495,No,,,,
147,Piston,Caterpillar,HD-1176,3114/3116,107-7545+238-2716,No,,,,
147,Piston,Caterpillar,HD-1177,3114/3116,6I1144 107-7563,No,,,,
147,Piston,Caterpillar,HD-1178,3114/3116,1077563,No,,,,
147,Piston,Caterpillar,HD-1179,3126,133-4983+238-2726,No,,,,
147,Piston,Caterpillar,HD-1180,3126,150-4621 238-2726,No,,,,
147,Piston,Caterpillar,HD-1181,3304/3306,164-6560,No,,,,
147,Piston,Caterpillar,HD-1182,3304/3306,165-4262,No,,,,
147,Piston,Caterpillar,HD-1183,3304/3306,8N3180,No,,,,
147,Piston,Caterpillar,HD-1184,3304/3306,8N3182,No,,,,
147,Piston,Caterpillar,HD-1185,3304/3306,8N3102,No,,,,
147,Piston,Caterpillar,HD-1186,3304/3306,1W6757 129-0358,No,,,,
147,Piston,Caterpillar,HD-1187,3304/3306,168-4531,No,,,,
147,Piston,Caterpillar,HD-1188,3304/3306,9N5250,No,,,,
147,Piston,Caterpillar,HD-1189,3306,107-3565,No,,,,
147,Piston,Caterpillar,HD-1190,3176,1337098+2382710,No,,,,
148,Piston,Caterpillar,HD-1191,3196,1442948+2382712,No,,,,
148,Piston,Caterpillar,HD-1192,3406,1684540+1300241,No,,,,
148,Piston,Caterpillar,HD-1193,3406,,No,,,,
148,Piston,Caterpillar,HD-1194,3406,9Y7212,No,,,,
148,Piston,Caterpillar,HD-1195,3406,7N3633,No,,,,
148,Piston,Caterpillar,HD-1196,3406,1601131,No,,,,
148,Piston,Caterpillar,HD-1197,3406,1258869+1300241,No,,,,
148,Piston,Caterpillar,HD-1198,3406,1807351+1326663,No,,,,
148,Piston,Caterpillar,HD-1199,3506,1807352+1326663,No,,,,
148,Piston,Caterpillar,HD-11100,3406,7E0292,No,,,,
148,Piston,Caterpillar,HD-11101,3508,9Y4124,No,,,,
148,Piston,Caterpillar,HD-11102,3512,7C2431,No,,,,
148,Piston,Caterpillar,HD-11103,3516,314-5005,No,,,,
148,Piston,Caterpillar,HD-11104,3516,2995204,No,,,,
170,Piston,Yanmar,HD-11421,3TN66,119270-22091,No,,,,
170,Piston,Yanmar,HD-11422,3TNE66,119270-22010,No,,,,
170,Piston,Yanmar,HD-11423,3TNE68,119265-22080,No,,,,
170,Piston,Yanmar,HD-11424,3TNE68,119265-22090,No,,,,
170,Piston,Yanmar,HD-11425,3TNA68,129901-22091,No,,,,
170,Piston,Yanmar,HD-11426,3TNM68,,No,,,,
170,Piston,Yanmar,HD-11427,3TNV70,119515-22080,No,,,,
170,Piston,Yanmar,HD-11428,3TN72,121450-22020,No,,,,
170,Piston,Yanmar,HD-11429,3T72HL,121450-22020,No,,,,
170,Piston,Yanmar,HD-11430,3TNA72,119620-22090,No,,,,
170,Piston,Yanmar,HD-11431,3TNE72,119517-22500,No,,,,
170,Piston,Yanmar,HD-11432,3TNM72,119025-22900,No,,,,
170,Piston,Yanmar,HD-11433,3D74E-3,119623-22080,No,,,,
170,Piston,Yanmar,HD-11434,3D74E-N,119624-22082,No,,,,
170,Piston,Yanmar,HD-11435,3TNM74,119D00-22080,No,,,,
171,Piston,Yanmar,HD-11436,3T75,121500-22090,No,,,,
171,Piston,Yanmar,HD-11437,3TN75,119810-22080,No,,,,
171,Piston,Yanmar,HD-11438,3TN75,719865-22500,No,,,,
171,Piston,Yanmar,HD-11439,3TNV76,119717-22080,No,,,,
171,Piston,Yanmar,HD-11440,3TN78,129100-22080,No,,,,
171,Piston,Yanmar,HD-11441,3TNA78,,No,,,,
171,Piston,Yanmar,HD-11442,3TNC78,119811-22080,No,,,,
171,Piston,Yanmar,HD-11443,3TNE78,119818-22080,No,,,,
171,Piston,Yanmar,HD-11444,3TNV80,119E10-22080,No,,,,
171,Piston,Yanmar,HD-11445,3D80-1/3TNC80,119812-22080,No,,,,
171,Piston,Yanmar,HD-11446,3TNE82,119813-22080,No,,,,
171,Piston,Yanmar,HD-11447,3/4TN82,119813-22500,No,,,,
171,Piston,Yanmar,HD-11448,3/4TN82,129156-01333,No,,,,
171,Piston,Yanmar,HD-11449,3TNV82A-BDS,119803-22080,No,,,,
171,Piston,Yanmar,HD-11450,3D84-1,129367-22090,No,,,,
172,Piston,Yanmar,HD-11451,3/4D84-2,129105-22080,No,,,,
172,Piston,Yanmar,HD-11452,3/4D84-3,129002-22090,No,,,,
172,Piston,Yanmar,HD-11453,3TNV84T/3D84-5,YM129004-22080,No,,,,
172,Piston,Yanmar,HD-11454,3/4TN100,119000-22000,No,,,,
172,Piston,Yanmar,HD-11455,3/4TN100,119000-22080,No,,,,
172,Piston,Yanmar,HD-11456,4TNV84T-16V,129509-22080,No,,,,
172,Piston,Yanmar,HD-11457,4TNV86,129685-22160,No,,,,
172,Piston,Yanmar,HD-11458,4TNE86,729486-22090,No,,,,
172,Piston,Yanmar,HD-11459,4TNV88,129005-22080,No,,,,
172,Piston,Yanmar,HD-11460,4TNE88,129001-22081,No,,,,
172,Piston,Yanmar,HD-11461,4D94,,No,,,,
172,Piston,Yanmar,HD-11462,4D94,,No,,,,
172,Piston,Yanmar,HD-11463,4D94E,129901-22080,No,,,,
172,Piston,Yanmar,HD-11464,4D94LE,129931-22100,No,,,,
172,Piston,Yanmar,HD-11465,4TNV94,129906-22080,No,,,,
173,Piston,Yanmar,HD-11466,4TNE94,129900-22080,No,,,,
173,Piston,Yanmar,HD-11467,4TNV94-FHT,129F01-22080,No,,,,
173,Piston,Yanmar,HD-11468,4D98E,129903-22120,No,,,,
173,Piston,Yanmar,HD-11469,4TNV98,129907-22090,No,,,,
173,Piston,Yanmar,HD-11470,4TNE98,129902-22080,No,,,,
173,Piston,Yanmar,HD-11471,4TNV98C,,No,,,,
173,Piston,Yanmar,HD-11472,4TNV106,123907-22081,No,,,,
173,Piston,Yanmar,HD-11473,4TNE106,123901-22080,No,,,,
173,Piston,Yanmar,HD-11474,4TNE106,123900-22080,No,,,,
201,Piston,Perkins,HD-11886,403C-11,115017491,Si,P115017491,MAXIFORCE,0.0,112.96
201,Piston,Perkins,HD-11887,403C-15,115017490,No,,,,
201,Piston,Perkins,HD-11888,404C/404D,115017581,No,,,,
201,Piston,Perkins,HD-11889,1004-4T,3135J142,No,,,,
201,Piston,Perkins,HD-11890,1004-40,3135J258,No,,,,
201,Piston,Perkins,HD-11891,1004-42,U5LP0058,Si,PU5LP0058,MAXIFORCE,0.0,102.98
201,Piston,Perkins,HD-11892,1004G,3135J186L,No,,,,
201,Piston,Perkins,HD-11893,1103/1104,3135M105T,No,,,,
201,Piston,Perkins,HD-11894,1103/1104,3135M111,No,,,,
201,Piston,Perkins,HD-11895,1103/1104,3135M115,No,,,,
201,Piston,Perkins,HD-11896,1104,3135M161,No,,,,
201,Piston,Perkins,HD-11897,3008 3012,DV66887,No,,,,
203,Piston,John Deere,HD-11916,4045 6068,RE515372,Si,TRE515372,MAXIFORCE,0.0,83.0
203,Piston,John Deere,HD-11917,4045 6068,RE521616,Si,TRE521616,MAXIFORCE,0.0,97.0
203,Piston,John Deere,HD-11918,4045 6068,RE55512,Si,TRE55512,MAXIFORCE,0.0,70.0
203,Piston,John Deere,HD-11919,4045 6068,RE59279,Si,TRE59279,MAXIFORCE,0.0,70.0
203,Piston,John Deere,HD-11920,4045 6068,RE544601,Si,TRE544601,MAXIFORCE,0.0,0.0
203,Piston,John Deere,HD-11921,4045H 6068H,RE527039,Si,TRE527039,MAXIFORCE,1.0,108.38
203,Piston,John Deere,HD-11922,6068HRT86,,No,,,,
203,Piston,John Deere,HD-11923,6090,RE555132,No,,,,
203,Piston,John Deere,HD-11924,6090,RE529264,Si,TRE529264,MAXIFORCE,0.0,0.0
203,Piston,John Deere,HD-11925,6135,DZ105000,No,,,,
203,Piston,John Deere,HD-11926,6135,R517128,No,,,,
214,Water Pump,Caterpillar,HD-1281,C4.2 C6.4,225-8016,Si,B2258016,MAXIFORCE,1.0,0.0
214,Water Pump,Caterpillar,HD-1282,C7,203-6093,No,,,,
214,Water Pump,Caterpillar,HD-1283,C6.6 C7.1,322-9662,No,,,,
214,Water Pump,Caterpillar,HD-1284,C7.1,380-1658,No,,,,
214,Water Pump,Caterpillar,HD-1285,C9,352-2109,No,,,,
214,Water Pump,Caterpillar,HD-1286,C9,197-9581,No,,,,
214,Water Pump,Caterpillar,HD-1287,C9,352-2125,No,,,,
214,Water Pump,Caterpillar,HD-1288,C-9,202-7676,No,,,,
214,Water Pump,Caterpillar,HD-1289,C9.3,203-6093,No,,,,
214,Water Pump,Caterpillar,HD-1290,C12,176-7000,No,,,,
214,Water Pump,Caterpillar,HD-1291,C13,352-0206,No,,,,
214,Water Pump,Caterpillar,HD-1292,C15 C18,336-2213,No,,,,
214,Water Pump,Caterpillar,HD-1293,C27,352-0200,No,,,,
214,Water Pump,Caterpillar,HD-1294,3306 3304 3304B 3066B,2W-8002,No,,,,
214,Water Pump,Caterpillar,HD-1295,3066T,5I-7693,No,,,,
214,Water Pump,Caterpillar,HD-1296,3064 3066,178-6633,No,,,,
214,Water Pump,Caterpillar,HD-1297,3126,187-8957,No,,,,
214,Water Pump,Caterpillar,HD-1298,3126B,236-4413,No,,,,
214,Water Pump,Caterpillar,HD-1299,3116 3126,187-8957,No,,,,
214,Water Pump,Caterpillar,HD-12100,3114 3116 3126B 3126E,7W-3780,No,,,,
215,Water Pump,Caterpillar,HD-12101,3126,352-2139,No,,,,
215,Water Pump,Caterpillar,HD-12102,3304 3306,172-7768,No,,,,
215,Water Pump,Caterpillar,HD-12103,3304 3306,2P-0662,No,,,,
215,Water Pump,Caterpillar,HD-12104,3306 3304 3304B 3306B,2W-8001,No,,,,
215,Water Pump,Caterpillar,HD-12105,3406,352-0203,No,,,,
215,Water Pump,Caterpillar,HD-12106,3406B 3406C,10R0484,No,,,,
215,Water Pump,Caterpillar,HD-12107,3406B 3406C,7W-7019,No,,,,
215,Water Pump,Caterpillar,HD-12108,3406E,336-2213,No,,,,
215,Water Pump,Caterpillar,HD-12109,3406E,352-0211,No,,,,
215,Water Pump,Caterpillar,HD-12110,3408 3412,352-0200,No,,,,
215,Water Pump,Caterpillar,HD-12111,3512 3516,424-3625,No,,,,
215,Water Pump,Caterpillar,HD-12112,3512,,No,,,,
231,Water Pump,Perkins,HD-12421,1004,,No,,,,
231,Water Pump,Perkins,HD-12422,1006,U5MW0160,No,,,,
231,Water Pump,Perkins,HD-12423,1104D-44T,U5MW0206,Si (parcial),U5MW0206PTP,YEDPAR,1.0,94.11
231,Water Pump,Perkins,HD-12424,403D-11,U45017961,No,,,,
231,Water Pump,Perkins,HD-12425,403D-15,U45010062,No,,,,
231,Water Pump,Perkins,HD-12426,404D,U45011050,No,,,,
231,Water Pump,Perkins,HD-12427,404D-22,U45011030,No,,,,
231,Water Pump,Perkins,HD-12428,4.236,4131A013,No,,,,
231,Water Pump,Perkins,HD-12429,N844,145017951,No,,,,
231,Water Pump,Perkins,HD-12430,1204E 1206E,T413421,No,,,,
231,Water Pump,Perkins,HD-12431,403 C1.5,,No,,,,
237,Water Pump,John Deere,HD-12541,4008,,No,,,,
237,Water Pump,John Deere,HD-12542,6068,RE505980,Si,RE505980,KMP,29.0,116.82
237,Water Pump,John Deere,HD-12543,6068,RE532564,No,,,,
237,Water Pump,John Deere,HD-12544,6068H,RE523169,Si (parcial),VRE523169,VAPORMATIC,0.0,162.25
237,Water Pump,John Deere,HD-12545,6069 (14T),RE530194,Si,TRE530194,MAXIFORCE,0.0,0.0
237,Water Pump,John Deere,HD-12546,6069 (15T),RE521503,Si,TRE521503,MAXIFORCE,0.0,293.46
237,Water Pump,John Deere,HD-12547,6069 (16T),RE521502,Si,TRE521502,MAXIFORCE,0.0,311.67
243,Alternator,Caterpillar,HD-1661,C2,,No,,,,
243,Alternator,Caterpillar,HD-1662,C4.4,,No,,,,
243,Alternator,Caterpillar,HD-1663,C6.6,,No,,,,
243,Alternator,Caterpillar,HD-1664,C9,,No,,,,
243,Alternator,Caterpillar,HD-1665,C13,,No,,,,
244,Alternator,Yanmar,HD-1681,4D84,,No,,,,
244,Alternator,Yanmar,HD-1682,4D94,,No,,,,
244,Alternator,Yanmar,HD-1683,4D94E,,No,,,,
244,Alternator,Yanmar,HD-1684,4TNE94,,No,,,,
252,Starter Motor,Caterpillar,HD-1776,C4,,No,,,,
252,Starter Motor,Caterpillar,HD-1777,C6,,No,,,,
252,Starter Motor,Caterpillar,HD-1778,C7,,No,,,,
252,Starter Motor,Caterpillar,HD-1779,C7,,No,,,,
252,Starter Motor,Caterpillar,HD-1780,C7 8-cyl chico,,No,,,,
252,Starter Motor,Caterpillar,HD-1781,C9,,No,,,,
252,Starter Motor,Caterpillar,HD-1782,S6K,,No,,,,
252,Starter Motor,Caterpillar,HD-1783,S6KT,,No,,,,
254,Starter Motor,Yanmar,HD-17126,4D88,,No,,,,
254,Starter Motor,Yanmar,HD-17127,4D94E,,No,,,,
254,Starter Motor,Yanmar,HD-17128,4TNE94,,No,,,,
254,Starter Motor,Yanmar,HD-17129,4TNV94,,No,,,,
254,Starter Motor,Yanmar,HD-17130,generico Yanmar,,No,,,,
257,Starter Motor,Perkins,HD-17201,1011,,No,,,,
257,Starter Motor,Perkins,HD-17202,1013,,No,,,,
257,Starter Motor,Perkins,HD-17203,404D-22T,,No,,,,
265,Oil Cooler,Caterpillar,HD-1849,C7,,No,,,,
265,Oil Cooler,Caterpillar,HD-1850,C9,,No,,,,
265,Oil Cooler,Caterpillar,HD-1851,3306 3304,7N0110,No,,,,
265,Oil Cooler,Caterpillar,HD-1852,3412 3406C 3406E,4W6043,No,,,,
265,Oil Cooler,Caterpillar,HD-1853,C15 3408B,239-7851,No,,,,
265,Oil Cooler,Caterpillar,HD-1854,3406 3412,6N9114,No,,,,
265,Oil Cooler,Caterpillar,HD-1855,3306 3176C 3196,44W7190,No,,,,
265,Oil Cooler,Caterpillar,HD-1856,3304 3306B C-10 C-12,6N9215,No,,,,
265,Oil Cooler,Caterpillar,HD-1857,C15 C18,223-7962,No,,,,
265,Oil Cooler,Caterpillar,HD-1858,3512,9Y3606,No,,,,
265,Oil Cooler,Caterpillar,HD-1859,3508BC 3512BC,6N9848,No,,,,
265,Oil Cooler,Caterpillar,HD-1860,3516BC C32,2S0734,No,,,,
265,Oil Cooler,Caterpillar,HD-1861,3304 3306T,7N0128,No,,,,
265,Oil Cooler,Caterpillar,HD-1862,3306,7N0165,No,,,,
265,Oil Cooler,Caterpillar,HD-1863,3523 3406 3408,7N0677,No,,,,
265,Oil Cooler,Caterpillar,HD-1864,3406E C-15,135-5577,No,,,,
265,Oil Cooler,Caterpillar,HD-1865,C-15 C-16,145-9282,No,,,,
265,Oil Cooler,Caterpillar,HD-1866,C15 C18,4W5409,No,,,,
265,Oil Cooler,Caterpillar,HD-1867,C13,236-8745,No,,,,
265,Oil Cooler,Caterpillar,HD-1868,C18,,No,,,,
265,Oil Cooler,Caterpillar,HD-1869,C13 C12,115-4514 4W5475,No,,,,
265,Oil Cooler,Caterpillar,HD-1870,C13 C12,359-1636 379-3436,No,,,,
265,Oil Cooler,Caterpillar,HD-1871,3408 3412,2W9979 2Y5229,No,,,,
265,Oil Cooler,Caterpillar,HD-1872,3412E,4W0413,No,,,,
265,Oil Cooler,Caterpillar,HD-1873,3512B 3508B,1W2250,No,,,,
265,Oil Cooler,Caterpillar,HD-1874,3508,4W5475 1W0548,No,,,,
265,Oil Cooler,Caterpillar,HD-1875,3412 3508,4W0418,No,,,,
265,Oil Cooler,Caterpillar,HD-1876,C27 C32,4W0418,No,,,,
265,Oil Cooler,Caterpillar,HD-1877,3306,7N3505 2Y5253,No,,,,
265,Oil Cooler,Caterpillar,HD-1878,3406 3406B,7N0101,No,,,,
265,Oil Cooler,Caterpillar,HD-1879,3406C 3406E,4P7731,No,,,,
275,Camshaft,Yanmar,HD-1901,3TN66L,,No,,,,
275,Camshaft,Yanmar,HD-1902,3TNA68,,No,,,,
275,Camshaft,Yanmar,HD-1903,3TNE68,119260-14100,No,,,,
275,Camshaft,Yanmar,HD-1904,3TNA72,AM876426,No,,,,
275,Camshaft,Yanmar,HD-1905,3TNE74,119624-02411,No,,,,
275,Camshaft,Yanmar,HD-1906,3TNM68,,No,,,,
275,Camshaft,Yanmar,HD-1907,3TNM72,,No,,,,
275,Camshaft,Yanmar,HD-1908,3TNV70,119515-14580,No,,,,
275,Camshaft,Yanmar,HD-1909,3TNV70,MIA880536,No,,,,
275,Camshaft,Yanmar,HD-1910,3TNV76,119717-14580,No,,,,
275,Camshaft,Yanmar,HD-1911,4D84,,No,,,,
275,Camshaft,Yanmar,HD-1912,4D84-2A,,No,,,,
275,Camshaft,Yanmar,HD-1913,4TN100,123900-14581,No,,,,
275,Camshaft,Yanmar,HD-1914,4TNE84,729402-14580,No,,,,
275,Camshaft,Yanmar,HD-1915,4TNV94,YM129900-14590,No,,,,
275,Camshaft,Yanmar,HD-1916,4TNV98,129907-14581,No,,,,
275,Camshaft,Yanmar,HD-1917,4TNV106,123907-14580,No,,,,
279,Camshaft,Caterpillar,HD-19129,C2.2,,No,,,,
279,Camshaft,Caterpillar,HD-19130,C6.4,,No,,,,
279,Camshaft,Caterpillar,HD-19131,C6.6,336-7516,No,,,,
279,Camshaft,Caterpillar,HD-19132,C7,224-3247 137-6716,No,,,,
279,Camshaft,Caterpillar,HD-19133,C7.1,335-3133,No,,,,
279,Camshaft,Caterpillar,HD-19134,C7.1,335-3138,No,,,,
279,Camshaft,Caterpillar,HD-19135,C-9,216-5586,No,,,,
279,Camshaft,Caterpillar,HD-19136,C9,,No,,,,
279,Camshaft,Caterpillar,HD-19137,C9,242-1787 242-0673,No,,,,
279,Camshaft,Caterpillar,HD-19138,C11,224-1275,No,,,,
279,Camshaft,Caterpillar,HD-19139,C11,230-0065 223-7468,No,,,,
279,Camshaft,Caterpillar,HD-19140,C13,2237468 223-7468,No,,,,
279,Camshaft,Caterpillar,HD-19141,C13,2237468 223-7468,No,,,,
279,Camshaft,Caterpillar,HD-19142,C15,2277508,No,,,,
279,Camshaft,Caterpillar,HD-19143,3056,60303928 360-3197,No,,,,
279,Camshaft,Caterpillar,HD-19144,3126,137-6716 9G058-0316,No,,,,
279,Camshaft,Caterpillar,HD-19145,3306,7C3864 8N3891,No,,,,
279,Camshaft,Caterpillar,HD-19146,S6K,,No,,,,
292,Thermostat,Caterpillar,HD-2297,3306 CAT320B 79C,,No,,,,
292,Thermostat,Caterpillar,HD-2298,C7 82C,,No,,,,
292,Thermostat,Caterpillar,HD-2299,C9 E330 76C,,No,,,,
292,Thermostat,Caterpillar,HD-22100,S6K 71C,,No,,,,
292,Thermostat,Caterpillar,HD-22101,E325D 329D 85C,,No,,,,
292,Thermostat,Caterpillar,HD-22102,E330B 76C,,No,,,,
292,Thermostat,Caterpillar,HD-22103,C13 76C,,No,,,,
294,Thermostat,Yanmar,HD-22145,3TNV70 71C,,No,,,,
294,Thermostat,Yanmar,HD-22146,4TNV88 71C,,No,,,,
294,Thermostat,Yanmar,HD-22147,4TNV94 71C,,No,,,,
294,Thermostat,Yanmar,HD-22148,4TNV94 76C,,No,,,,
294,Thermostat,Yanmar,HD-22149,4TNV106 82C,,No,,,,
294,Thermostat,Yanmar,HD-22150,4TNV94 82C,,No,,,,
297,Thermostat,Perkins,HD-22217,C4.4 electrico 82C,4133L508,No,,,,
297,Thermostat,Perkins,HD-22218,C4.4 directo,,No,,,,
297,Thermostat,Perkins,HD-22219,C7.1 85C,4122L066,No,,,,
297,Thermostat,Perkins,HD-22220,C7.1 85C,4133L064,No,,,,
300,Glow Plug,Yanmar,HD-2322,3TNV70,,No,,,,
300,Glow Plug,Yanmar,HD-2323,3TNV76,,No,,,,
300,Glow Plug,Yanmar,HD-2325,4TNE92,,No,,,,
300,Glow Plug,Yanmar,HD-2326,4TNV94,,No,,,,
301,Glow Plug,Caterpillar,HD-2339,C2.6,,No,,,,
301,Glow Plug,Caterpillar,HD-2340,C6.6 C7-1 electrico,,No,,,,
302,Injector,Caterpillar,HD-2401,3126 bomba inyeccion,128-6601 171-9710 10R-9348,No,,,,
302,Injector,Caterpillar,HD-2402,3116/3126,127-8218 0R-8684,No,,,,
302,Injector,Caterpillar,HD-2403,3114/3116,127-8216,No,,,,
302,Injector,Caterpillar,HD-2404,3116,127-8213 0R-8473,No,,,,
302,Injector,Caterpillar,HD-2405,3116 E,127-8209 0R-8483,No,,,,
302,Injector,Caterpillar,HD-2406,3304/3304B/3306/3306B,8N-7005 0R-1740 0R-3418,No,,,,
302,Injector,Caterpillar,HD-2407,3306/3306B,7W-7032 0R-4124,No,,,,
302,Injector,Caterpillar,HD-2408,3406B/3406C,7W-7032 0R-1747 0R-3424,No,,,,
302,Injector,Caterpillar,HD-2409,3406B/3406C/3412/3412C,7W-7026 0R-3423 0R-1746,No,,,,
302,Injector,Caterpillar,HD-2410,3208/3204,7W-3710,No,,,,
302,Injector,Caterpillar,HD-2411,S6K S4K 3064T 3066T,5I-7706,No,,,,
302,Injector,Caterpillar,HD-2412,3406B/3406C/3408/3408B/3408C/3412/3412C,4W-7018 0R-1745 0R-3422,No,,,,
302,Injector,Caterpillar,HD-2413,3406B/3406C/3408/3408B/3408C HT400,4W-7017 0R-3421 0R-1744,No,,,,
302,Injector,Caterpillar,HD-2414,3204,4W-7015 0R-3419,No,,,,
302,Injector,Caterpillar,HD-2415,3512A,9Y3773 4P9076 7C4148 7E6048 6L4357 6L4355,No,,,,
302,Injector,Caterpillar,HD-2416,3512E,4P-9075 0R-3051,No,,,,
302,Injector,Caterpillar,HD-2417,3412/3412C/3408B SR500 SR4,130-1804 0R-8787,No,,,,
302,Injector,Caterpillar,HD-2418,3126B/3126E bomba inyeccion,177-4752 177-4754 178-0199 10R-9237 222-5965,No,,,,
302,Injector,Caterpillar,HD-2419,C32/3412E/3408E,10R-1267 174-7526 10R-1266 174-7527 4CR01974 198-6877 232-1171 20R-0758 232-1183,No,,,,
302,Injector,Caterpillar,HD-2420,3412E,174-7526 20R-0758,No,,,,
302,Injector,Caterpillar,HD-2421,3306/3306B,170-5187 0R-4124,No,,,,
302,Injector,Caterpillar,HD-2422,C12,1660149 0R9530,No,,,,
302,Injector,Caterpillar,HD-2423,E320C S6KT,212-8470,No,,,,
302,Injector,Caterpillar,HD-2424,3056/3054T,6I-1214 147-5513 2645A060 20R-0326,No,,,,
303,Injector,Caterpillar,HD-2425,C7.1,0445120347 20R-4560 391-3974,No,,,,
303,Injector,Caterpillar,HD-2429,C4.2,326-4756 10R-7951 32F61-00014,No,,,,
303,Injector,Caterpillar,HD-2430,C6.6,321-3600 10R-7938 2645A753,No,,,,
303,Injector,John Deere,HD-2431,7430,095000-6490 RE529118 RE524392,No,,,,
303,Injector,Caterpillar,HD-2432,C7.1 directo,454-5091 398-1507 LJRB06005A,No,,,,
303,Injector,Caterpillar,HD-2433,C4.4/C7.1 bomba inyeccion,370-7282 29500-0401 20R-2478,No,,,,
303,Injector,Caterpillar,HD-2434,C4.2,326-4740 10R-7676,No,,,,
303,Injector,Caterpillar,HD-2435,C6.6,326-0677 2645A747,No,,,,
303,Injector,Caterpillar,HD-2436,C6.6,321-3600 10R-7938 2645A753,No,,,,
303,Injector,Caterpillar,HD-2437,C6.6,320-0690 10R-7673 2645A749,No,,,,
303,Injector,Caterpillar,HD-2438,C6.6,320-0655 10R-7674 2645A751 306-9390,No,,,,
303,Injector,Caterpillar,HD-2439,3176C,317-5278 20R-0055,No,,,,
303,Injector,Caterpillar,HD-2440,3056E/1106C-E60TA,216-9786 2645F027 0432133789,No,,,,
303,Injector,Caterpillar,HD-2441,C7.1,0445120371 20R-4561 396-9626,No,,,,
303,Injector,Caterpillar,HD-2442,3126,10R-1257 178-6342,No,,,,
303,Injector,Caterpillar,HD-2443,C15,10R-3265 253-0616,No,,,,
303,Injector,Caterpillar,HD-2444,C-9,10R-7224 236-0962,No,,,,
303,Injector,Caterpillar,HD-2445,3512B,20R-1272 392-0208 386-1760,No,,,,
303,Injector,Caterpillar,HD-2446,C27,374-0751 20R-2285,No,,,,
303,Injector,Caterpillar,HD-2447,C15,20R-2284 374-0750,No,,,,
303,Injector,Caterpillar,HD-2448,3116,127-8222 0R-8461,No,,,,
